date-dedicated,date-desire,date-order,date-removal,city,state,statue-name,statue-specifier,category,was-torn-down,geocode,Latitude,Longitude,Notes
,,,06/12/2020,Norfolk,Virginia,Johnny Reb (Confederate statue),“Johnny Reb” Confederate statue,removed,,"Norfolk, Virginia",36.8507689,-76.2858726,
Assorted,June 10 2020,TBD,TBD,District of Columbia,Washington,11 Confederate statues,11 Confederate statues in US Capitol,requested,,"District of Columbia, Washington",38.9071923,-77.0368707,
2008,June 2020,N/A,06/01/2020,Tampa,Florida,Large Confederate flag,a 60 feet  x 30 feet Confederate flag— the largest such flag ever made - was removed by its owner,removed,,"Tampa, Florida",27.950575,-82.4571776,
1966,"March 2019, June 2020",N/A,06/01/2020,Fort Myers,Florida,Statue of Robert E. Lee,a statue commemorating Confederate leader Robert E. Lee was removed from its base,removed,,"Fort Myers, Florida",26.640628,-81.8723084,
,,,06/05/2020,Deerborn,Michigan,Statue of Orville L. Hubbard,a statue of former Dearborn mayor Orville L. Hubbard,removed,,"Deerborn, Michigan",42.3222599,-83.1763145,
,,,05/30/2020,Nashville,Tennessee,Statue of Edward Carmack,a statue outside the Tennessee State Capitol of Edward Carmack,removed,1,"Nashville, Tennessee",36.1626638,-86.7816016,
,,,06/05/2020,Fredericksburg,Virginia,Slave auction block,An 800-pound slave auction block,removed,,"Fredericksburg, Virginia",38.3031837,-77.4605399,
1889,"2016, June 2020",06/01/2020,06/02/2020,Alexandria,Virginia,Appomattox (Confederate statue),Appomattox,removed,,"Alexandria, Virginia",38.8048355,-77.0469214,
1940,"2017*, 6/1/2020",TBD,TBD,Columbia,South Carolina,Statue of Benjamin Tillman,"Ben Tillman, State House",requested,,"Columbia, South Carolina",34.0007104,-81.0348144,
1927,June 2020,N/A,Torn down June 9 2020,Richmond,Virginia,Christopher Columbus statue,"Christopher Columbus, Byrd Park",removed,1,"Richmond, Virginia",37.5407246,-77.4360481,
1915,June 2020,06/01/2020,06/11/2020,Camden,New Jersey,Christopher Columbus statue,"Christopher Columbus, Farnham Park",removed,,"Camden, New Jersey",39.9259463,-75.1196199,
1979,"2006 (beheaded), 2015 (spray-painted), June 2020 (beheaded)",06/10/2020,06/11/2020,Boston,Massachusetts,Christopher Columbus statue,"Christopher Columbus, North End",removed,,"Boston, Massachusetts",42.3600825,-71.0588801,
1931,"2017, June 2020",N/A,Torn down June 10 2020,St. Paul,Minnesota,Christopher Columbus statue,"Christopher Columbus, State Capitol",removed,1,"St. Paul, Minnesota",44.9537029,-93.0899578,
1908,"2017, June 2020",June 1 2020 (UDC agreed to move),TBD,Bentonville,Arkansas,Confederate statue,"Confederate monument, Bentonville Square",planned,,"Bentonville, Arkansas",36.3728538,-94.2088172,
1909,"Aug 2017, June 4 2020 (letter sent)",TBD,TBD,Newport News,Virginia,Confederate statue,"Confederate monument, Denbigh area",requested,,"Newport News, Virginia",37.0870821,-76.4730122,
"Built in 1912, moved to current spot in 1928 to be more visible","2017,  June 2020",06/04/2020,06/08/2020,Indianapolis,Indiana,Confederate statue,"Confederate monument, Garfield Park",removed,,"Indianapolis, Indiana",39.768403,-86.158068,
1898,"2017*, June 2020",6/1/2020 (unannounced),06/09/2020,Jacksonville,Florida,Confederate statue,"Confederate monument, Hemming Park",removed,,"Jacksonville, Florida",30.3321838,-81.655651,
1914,"Feb 2006, Aug 2017, June 2020",06/15/2020,06/22/2020,Greenville,North Carolina,Confederate statue,"Confederate monument, Pitt Co Courthouse",removed,,"Greenville, North Carolina",35.612661,-77.3663538,
1906,"2015, 2019",06/18/2020,TBD,Oxford,Mississippi,Confederate statue,"Confederate monument, University of Mississippi",planned,,"Oxford, Mississippi",34.3668299,-89.518635,
1999,June 4 2020,06/04/2020,06/09/2020,Nashville,Tennessee,Confederate statue,"Confederate soldier statue, Montgomery Bell Academy ",removed,,"Nashville, Tennessee",36.1626638,-86.7816016,
1908,"2019, June 2020",TBD,TBD,Madisonville,Kentucky,Confederate statue,"Confederate soldier, Hopkins Co Courthouse",requested,,"Madisonville, Kentucky",37.3281005,-87.4988882,
1905,"2015,  May 31 2020 (vandalized)",05/31/2020,06/02/2020,Birmingham,Alabama,Confederate Soldiers and Sailors Monument,Confederate Soldiers & Sailors Monument,removed,,"Birmingham, Alabama",33.5185892,-86.8103567,
1872,June 2020,June 25 2020,TBD,Athens,Georgia,Confederate statue,Confederate statue in downtown Athens,planned,,"Athens, Georgia",33.9519347,-83.357567,planned relocation
1884,June 2020,06/11/2020,06/11/2020,Quincy,Florida,Confederate statue,confederate statue in front of the Gadsden County Courthouse,requested,,"Quincy, Florida",30.5880468,-84.591058,
1900,"Aug 2017, June 2020 (vandalized June 2 2020)",06/04/2020,06/05/2020,Mobile,Alabama,Statue of Raphael Semmes,Confederate statue of Admiral Raphael Semmes,removed,,"Mobile, Alabama",30.6953657,-88.0398912,
1891,"May 2017, June 2020",N/A,06/06/2020,Richmond,Virginia,Statue of Williams Carter Wickham,"Confederate statue of Gen. Williams Carter Wickham, Monroe Park",removed,1,"Richmond, Virginia",37.5407246,-77.4360481,
1936,2015; June 2020,06/12/2020,06/13/2020,Frankfort,Kentucky,Statue of Jefferson Davis,"Confederate Statue of Jefferson Davis, Capitol Rotunda",removed,,"Frankfort, Kentucky",38.2009055,-84.8732835,
1890,"2017, May 2020",06/04/2020,TBD,Richmond,Virginia,Statue of Robert E. Lee,Confederate Statue of Robert E. Lee,planned,,"Richmond, Virginia",37.5407246,-77.4360481,
1916,"2017, May 2020",TBD,TBD,Belton,Texas,Confederate statue,"Confederate statue, Bell County Courthouse",requested,,"Belton, Texas",31.0560132,-97.464453,
1900,"2017, June 2020",TBD,TBD,Owensboro,Kentucky,Confederate statue,"Confederate statue, Daviess Co Courthouse",requested,,"Owensboro, Kentucky",37.7719074,-87.1111676,
1905,"2017, June 2020",N/A,N/A,Huntsville,Alabama,Confederate statue,"Confederate statue, Madison County Courthouse",requested,,"Huntsville, Alabama",34.7303688,-86.5861037,
1910,June 7 2020 (petition),TBD,TBD,Cleveland,Tennessee,Confederate statue,Confederate statute at an instersection in front of Lee University,requested,,"Cleveland, Tennessee",35.1595182,-84.8766115,
1893,"2015, Aug 2017, June 10, 2020",TBD,TBD,Portsmouth,Virginia,Confederate monument,Monument with four confederate statues,requested,1,"Portsmouth, Virginia",36.8354258,-76.2982742,
1998,"2017, May 30 2020 (vandalized)",06/02/2020,06/03/2020,Philadelphia,Pennsylvania,Statue of Frank Rizzo,"Frank Rizzo, Philadelphia Mayor",removed,,"Philadelphia, Pennsylvania",39.9525839,-75.1652215,
,"Summer 2019,",06/01/2020,06/25/2020,Wilmington,North Carolina,Statue of George Davis,George Davis monument at Third and Market,removed,,"Wilmington, North Carolina",34.2103894,-77.8868117,
1913,"2017, June 2020",,06/08/2020,Louisville,Kentucky,Statue of John B. Castleman,"John B. Castleman, Cherokee Triangle",removed,,"Louisville, Kentucky",38.2526647,-85.7584557,
1918,Petitioned June 2020,TBD,TBD,College Station,Texas,Statue of Lawrence Sullivan Ross,"Lawrence Sullivan ""Sully"" Ross statue, A&M campus",requested,,"College Station, Texas",30.627977,-96.3344068,
1934,at least since 2006,,06/05/2020,Lexington,Kentucky,Memorial Hall mural,"Memorial Hall fresco, University of Kentucky",removed,,"Lexington, Kentucky",38.0405837,-84.5037164,
,,,06/17/2020,Houston,Texas,Statue of Richard W. Dowling,"Richard W. ""Dick"" Dowling in Hermann Park",removed,,"Houston, Texas",29.7604267,-95.3698028,
2016,June 2020,06/10/2020,06/10/2020,Charlotte,North Carolina,Statue of Jerry Richardson,Statue of former Carolina Panthers owner,removed,,"Charlotte, North Carolina",35.2270869,-80.8431267,
1963,June 2020,,06/04/2020,Dallas,Texas,Texas Ranger statue,"Texas Ranger, Love Field airport",removed,,"Dallas, Texas",32.7766642,-96.7969879,
1832,,,05/30/2020,Fayetteville,North Carolina,"Market House, National Historic Landmark","the Market House, a National Historic Landmark",removed,,"Fayetteville, North Carolina",35.0526641,-78.8783585,
,,06/02/2020,,Rocky Mount,North Carolina,Nash County Confederate Monument,The Nash County Confederate Monument,planned,,"Rocky Mount, North Carolina",35.9382103,-77.7905339,
"Jackson: 1921, Lee: 1924","2017, April 15 2020",TBD,TBD,Charlottesville,Virginia,Statues of Robert E. Lee and Stonewall Jackson,"Two Confederate Statues, Robert E Lee and Stonewall Jackson",requested,,"Charlottesville, Virginia",38.0293059,-78.4766781,
1910,June 5 2020 petition,TBD,TBD,Monroe,Michigan,Statue of George Armstrong Custer,US cavalry officer George Armstrong Custer,requested,,"Monroe, Michigan",41.9164343,-83.3977101,
,,06/01/2020,06/25/2020,Wilmington,North Carolina,Confederate monument,Wilmington Confederate monument at Third and Dock,removed,,"Wilmington, North Carolina",34.2103894,-77.8868117,
"Robert E. Lee Dixie Highway, Colonel John Connally Marker: 1926, Monument to 60th Regt. NC Volunteers: 1905",June 2020,06/16/2020,TBD,Asheville,North Carolina,Confederate monument and Robert E. Lee monument,Two confederate monuments,planned,,"Asheville, North Carolina",35.5950581,-82.5514869,
1954,June 2020,Unknown,06/03/2020,Mobile,Alabama,Confederate flag in mural,a ceiling mural in the lobby of the McGill-Toolen Catholic High School which included the Confederate flag was painted over so it now resembles the Alabama state flag after petition,removed,,"Mobile, Alabama",30.6953657,-88.0398912,
"1908 (built), 1960 (moved to school)",June 2020,N/A,06/01/2020,Montgomery,Alabama,Statue of Robert E. Lee,statue of Robert E. Lee in front of the Robert E. Lee High School,removed,1,"Montgomery, Alabama",32.3792233,-86.3077368,
Unknown/Assorted,June 2020,06/08/2020,06/09/2020,Tuscaloosa,Alabama,Confederate monument and plaques,memorials to confederate soldiers at The University of Alabama,removed,,"Tuscaloosa, Alabama",33.2098407,-87.5691735,
"1878 (built), 1956 (moved to current)","2017, June 2020",TBD,TBD,Macon,Georgia,Confederate statue,a Confederate statue at Second Street and Cotton Avenue,requested,,"Macon, Georgia",32.8406946,-83.6324022,
1908,2017,06/11/2020,06/16/2020,Houston,Texas,Spirit of Confederacy statue,Confederate monument Spirit of Confederacy,removed,,"Houston, Texas",29.7604267,-95.3698028,
1898,June 2020,TBD,TBD,Asheville,North Carolina,Vance Monument,Confederate monument in consideration for removal separately from the other two Confederate Asheville monuments,requested,,"Asheville, North Carolina",35.5950581,-82.5514869,
1938 (moved to current loc. in Duncan Plaza in later years),June 2020,N/A,06/13/2020,New Orleans,Louisiana,Bust of John McDonogh,Bust of slaveowner,removed,1,"New Orleans, Louisiana",29.9510658,-90.0715323,
"1905 (dedicated), 1920s (moved to current loc.)",June 9 2020 (city council members call for relocation),N/A,N/A,Gadsden,Alabama,Emma Sansom Monument,Statue of Emma Sansom with relief of Sansom and Nathan Bedford Forrest inscribed on the base,requested,,"Gadsden, Alabama",34.014264,-86.0066386,
1917,June 2020,N/A,N/A,Murray,Kentucky,Statue of Robert E. Lee,"Lee statue outside Calloway County Courthouse in Murray, KY",requested,,"Murray, Kentucky",36.6103334,-88.314761,
1918,"1999, June 2020",06/09/2020,06/25/2020,Denton,Texas,Confederate soldier memorial,Confederate memorial in downtown Denton,removed,,"Denton, Texas",33.2148412,-97.1330683,
1962,June 8 2020,N/A,N/A,Phoenix,Arizona,Confederate monument,"Monument at State Capitol, Wesley Bolin Plaza",requested,,"Phoenix, Arizona",33.4483771,-112.0740373,
1891,"2017, 6/11/2020",N/A,N/A,Pensacola,Florida,Confederate monument,"Confederate monument, Pensacola",requested,,"Pensacola, Florida",30.421309,-87.2169149,
1925,June 2020,06/11/2020,TBD,Albany,New York,Statue of Philip Schuyler,Statue of Gen. Philip Schuyler in front of Albany City Hall,planned,,"Albany, New York",42.6525793,-73.7562317,
1939,"2017, June 2020",06/21/2020,TBD,New York,New York,Equestrian Statue of Theodore Roosevelt,Theodore Roosevelt statue at Natural History Museum,planned,,"New York, New York",40.7127753,-74.0059728,
1892,June 2020,N/A,N/A,New York,New York,Statue of Christopher Columbus,Statue of Columbus at Columbus Circle,requested,,"New York, New York",40.7127753,-74.0059728,
1879,June 2020,N/A,N/A,Boston,Massachusetts,Emancipation Memorial,Abraham Lincoln depicted with a slave in Boston's Park Square,requested,,"Boston, Massachusetts",42.3600825,-71.0588801,
1992,June 2020,06/13/2020,TBD,West Orange,New Jersey,Christopher Columbus monument,Monument to Columbus,planned,,"West Orange, New Jersey",40.7985699,-74.2390828,
1916,June 2020,N/A,06/14/2020,Portland,Oregon,Statue of Thomas Jefferson,Thomas Jefferson statue at Jefferson High School in North Portland,removed,1,"Portland, Oregon",45.5051064,-122.6750261,
1907,"2017, June 2020",N/A,N/A,Oxford,Mississippi,Confederate statue,"Confederate monument, Lafayette County Courthouse Square",requested,,"Oxford, Mississippi",34.3668299,-89.518635,
1886,"2017, 2019, June 2020",06/16/2020,06/16/2020,St. Louis,Missouri,Christopher Columbus Statue,"Columbus Statue, Tower Grove Park",removed,,"St. Louis, Missouri",38.6270025,-90.1994042,
1928,June 2020,06/11/2020,06/14/2020,New London,Connecticut,Christopher Columbus statue,Columbus New London,removed,,"New London, Connecticut",41.3556539,-72.0995209,
1926,June 2020,06/15/2020,June 29 2020,Hartford,Connecticut,Christopher Columbus statue,Columbus statue near CT Capitol,removed,,"Hartford, Connecticut",41.7658043,-72.6733723,
1892,June 2020,06/15/2020,06/24/2020,New Haven,Connecticut,Christopher Columbus statue,Columbus statue Wooster Square neighborhood,removed,,"New Haven, Connecticut",41.308274,-72.9278835,
"1898, 1960s (rededicated in current spot)",February 2019,06/13/2020 (appeals court granted approval),06/24/2020,Dallas,Texas,Confederate War Memorial,Confederate memorial in Pioneer Park,removed,,"Dallas, Texas",32.7766642,-96.7969879,
,June 2020 (Vandalized),06/12/2020,06/12/2020,Columbia,South Carolina,Christopher Columbus Statue,Columbus statue Columbia Riverfront Park,removed,,"Columbia, South Carolina",34.0007104,-81.0348144,
1883,June 2020,06/16/2020,TBD,Sacramento,California,Statue of Christopher Columbus and Queen Isabella,Columbus and Isabella in CA Capitol rotunda,planned,,"Sacramento, California",38.5815719,-121.4943996,
1987,6/8/2020 (vandalized),N/A,06/15/2020,Sacramento,California,Statue of John Sutter,Sutter statue at Sutter Health Medical Center,removed,,"Sacramento, California",38.5815719,-121.4943996,
1907,June 2020,N/A,06/10/2020,Richmond,Virginia,Statue of Jefferson Davis,Davis statue Monument Ave,removed,1,"Richmond, Virginia",37.5407246,-77.4360481,
1892,June 2020,N/A,06/16/2020,Richmond,Virginia,Howitzer Monument,Confederate monument on Virginia Commonwealth University’s Monroe Park campus ,removed,1,"Richmond, Virginia",37.5407246,-77.4360481,
1998,June 2020,06/01/2020,06/16/2020,Albuquerque,New Mexico,Statue of Juan de Oñate,Statue of conquistador at the Albuquerque Museum,removed,,"Albuquerque, New Mexico",35.0843859,-106.650422,
1980s,June 2020,06/01/2020,06/15/2020,Alcalde,New Mexico,Staute of Juan de Oñate,Statue of conquistador in Rio Arriba County,removed,,"Alcalde, New Mexico",36.0889116,-106.053634,
Unknown,June 2020,06/16/2020,TBD,Plaquemine,Louisiana,Confederate statue,Confederate statue outside old courthouse,planned,,"Plaquemine, Louisiana",30.2890833,-91.2342744,
2007,"2019, June 2020",06/01/2020,06/16/2020,Las Vegas,Nevada,"""Hey Reb"" statue","Statue of Rebels team mascot at University of Nevada, Las Vegas",removed,,"Las Vegas, Nevada",36.1699412,-115.1398296,
"1910 (original), 2010 (replacement copy)",June 1 2020,N/A,N/A,Rocky Mount,Virginia,Confederate statue,Confederate statue at Franklin County courthouse,requested,,"Rocky Mount, Virginia",36.9976403,-79.8919774,
1908,"2017, June 2020",06/12/2020,06/18/2020,Decatur,Georgia,Confederate monument,Confederate monument in Decatur square,removed,,"Decatur, Georgia",33.7748275,-84.2963123,
1908,"2004, June 2020",N/A,N/A,Leesburg,Virginia,Confederate monument,Confederate monument at courthouse,requested,,"Leesburg, Virginia",39.1156615,-77.5636015,
1903,6/5/2020 (petitioned),N/A,N/A,Fort Smith,Arkansas,Confederate monument,Confederate monument at Sebastian County Courthouse ,requested,,"Fort Smith, Arkansas",35.3859242,-94.3985475,
1911,June 2020,N/A,N/A,Kaufman,Texas,Confederate statue,Confederate soldier at Kaufman County courthouse,requested,,"Kaufman, Texas",32.5890238,-96.3088693,
1903,"2017, June 2020",N/A,N/A,Paris,Texas,Confederate monument,Confederate monument at Lamar County courthouse,requested,,"Paris, Texas",33.6609389,-95.555513,
1976,June 1 2020,N/A,N/A,Anchorage,Alaska,Statue of James Cook,Captain James Cook statue,requested,,"Anchorage, Alaska",61.2180556,-149.9002778,
2010,June 2020,06/19/2020,06/19/2020,Minneapolis,Minnesota,Statue of Calvin Griffith,Former Twins owner statue at Target Field,removed,,"Minneapolis, Minnesota",44.977753,-93.2650108,
1957,June 2020 (vandalized),06/01/2020,06/18/2020,San Francisco,California,Christopher Columbus statue,Columbus statue in Pioneer Park,removed,,"San Francisco, California",37.7749295,-122.4194155,
"1876 (originally built), 1982 (moved to current location)",June 2020,N/A,N/A,Philadelphia,Pennsylvania,Christopher Columbus statue,"Marconi Plaza Columbus statue, South Philly",requested,,"Philadelphia, Pennsylvania",39.9525839,-75.1652215,
1992,"1992, June 2020",N/A,N/A,Philadelphia,Pennsylvania,Christopher Columbus statue,"Penn's Landing Columbus statue, Delaware River waterfront",requested,,"Philadelphia, Pennsylvania",39.9525839,-75.1652215,
1911,June 2020,06/01/2020,06/18/2020,Little Rock,Arkansas,Confederate statue,Statue honoring a unit of Confederate soldiers,removed,,"Little Rock, Arkansas",34.7464809,-92.2895948,
1883,June 18 2020,N/A,N/A,New York City,New York,Statue of Thomas Jefferson,City Hall Jefferson statue,requested,,"New York City, New York",40.7127753,-74.0059728,
1905,"2017, June 2020",N/A,N/A,Virginia Beach,Virginia,Confederate statue,Confederate statue outside of the old Princess Anne County Courthouse,requested,,"Virginia Beach, Virginia",36.8529263,-75.977985,
1927,June 2020,N/A,06/18/2020,Portland,Oregon,Statue of George Washington,George Washington statue along Sandy Blvd,removed,1,"Portland, Oregon",45.5051064,-122.6750261,
1909,June 2020,06/16/2020,TBD,Salisbury,North Carolina,Confederate statue,Confederate statue on Church St,planned,,"Salisbury, North Carolina",35.6709727,-80.4742261,
"1895, 1912, 1914","2017, June 2020",06/20/2020,"June 20 2020 (Daughters of the Confederacy Monument and Henry Lawson Wyatt Monument), June 21 2020 (North Carolina Confederate Monument)",Raleigh,North Carolina,Confederate monuments,Three Confederate monuments on Capitol grounds,removed,1,"Raleigh, North Carolina",35.7795897,-78.6381787,(one of the monuments was partially toppled)
1876,June 2020,N/A,N/A,"Washington, DC","Washington, DC",Emancipation Statue,Emancipation Statue of Lincoln and a slave in Lincoln Park on Capitol Hill,requested,,"Washington, DC, Washington, DC",38.9071923,-77.0368707,
1901,"1992, 2017, June 2020",N/A,06/19/2020,"Washington, DC","Washington, DC",Statue of Albert Pike,Confederate statue of Pike in Judiciary Square,removed,1,"Washington, DC, Washington, DC",38.9071923,-77.0368707,
1955,June 2020,06/18/2020,TBD,Columbus,Ohio,Christopher Columbus statue,Columbus statue at City Hall,planned,,"Columbus, Ohio",39.9611755,-82.9987942,
Unknown,June 2020,06/01/2020,06/19/2020,"Washington, DC","Washington, DC",Statue of George Preston Marshall,Statue of former Washington Redskins owner at RFK Stadium,removed,,"Washington, DC, Washington, DC",38.9071923,-77.0368707,
Unknown,June 2020,N/A,N/A,Lexington,North Carolina,Confederate statue,"Confederate statue at Main St square, Davidson County",requested,,"Lexington, North Carolina",35.8240265,-80.2533838,
1901,June 2020,N/A,N/A,Murfreesboro,Tennessee,"""Guardians of Peace"" statue",Confederate statue on Rutherford County Square,requested,,"Murfreesboro, Tennessee",35.8456213,-86.39027,
1906,June 2020,N/A,N/A,St. Louis,Missouri,Statue of Louis IX,Louis IX on top of Art Hill,requested,,"St. Louis, Missouri",38.6270025,-90.1994042,
1941,"2017, June 2020",N/A,N/A,New York,New York,Statue of Christopher Columbus,Columbus state on Astoria Blvd,requested,,"New York, New York",40.7127753,-74.0059728,
"1868 (Civil War obelisk), 1885 (Kit Carson obelisk), 2007 (Statue of Don Diego de Vargas)",June 2020,06/17/2020,"June 18 2020, TBD",Santa Fe,California,Three monuments,Statue of Diego de Vargas and two obelisks believed offensive to Native Americans,removed,,"Santa Fe, California",33.020321,-117.202813,
1960,"2017, June 2020",N/A,N/A,"Washington, DC","Washington, DC",Statue of Sen. Pat McCarran,McCarran statue in U.S. Capitol,requested,,"Washington, DC, Washington, DC",38.9071923,-77.0368707,
Unknown,June 2020,6/17/2020 (announced),06/19/2020,Decatur,Georgia,Statue of Thomas Jefferson,Jefferson statue in front of old courthouse,removed,,"Decatur, Georgia",33.7748275,-84.2963123,
2008,June 2020,N/A,N/A,Edwardsville,Illinois,Statue of Ninian Edwards,Statue of Illinois' third governor,requested,,"Edwardsville, Illinois",38.8114364,-89.953157,
2003,June 2020,N/A,N/A,Babylon,New York,Statue of Robert Moses,Robert Moses statue in front of Babylon Village Hall,requested,,"Babylon, New York",40.7107127,-73.3673169,
1914,June 2020,N/A,N/A,Graham,North Carolina,Confederate memorial,Confederate memorial Alamance County Historic Courthouse,requested,,"Graham, North Carolina",36.0690258,-79.4005756,
1930,June 2020,N/A,N/A,Easton,Pennsylvania,Christopher Columbus statue,Columbus at Riverside Park,requested,,"Easton, Pennsylvania",40.688432,-75.2207323,
2017,June 1 2020,N/A,N/A,Juneau,Alaska,Statue of William H. Seward,Seward statue in Juneau,requested,,"Juneau, Alaska",58.3019444,-134.4197221,
"1888 (Scott Key), 1904 (Grant), 1907 (Serra)",June 2020,N/A,06/19/2020,San Francisco,California,"Statues of Ulysses S. Grant, St. Junípero Serra, and Francis Scott Key",Three statues in Golden Gate Park,removed,1,"San Francisco, California",37.7749295,-122.4194155,
1932,June 2020,N/A,06/20/2020,Los Angeles,California,Statue of Junípero Serra,Serra statue in Father Serra Park,removed,1,"Los Angeles, California",34.0522342,-118.2436849,
Unknown,June 2020,June 2020 (announced),06/22/2020,San Luis Obispo,California,Statue of Junípero Serra,Serra statue at San Luis Obispo Mission,removed,,"San Luis Obispo, California",35.2827524,-120.6596156,
1908,June 2020 (petition),N/A,N/A,Haywood County,Tennessee,Confederate statue,Confederate soldier in front of county courthouse,requested,,"Haywood County, Tennessee",35.593858,-89.2621216,
1906,June 2020,N/A,N/A,Marshall,Texas,Confederate statue,Confederate statue outside Harrison County Courthouse,requested,,"Marshall, Texas",32.5448714,-94.3674184,
1916,"2015, June 2020",N/A,N/A,Easton,Maryland,Talbot Boys statue,Confederate statue at Talbot County Circuit Courthouse,requested,,"Easton, Maryland",38.7742826,-76.0763305,
"1965 (originally built), 1983 (rededicated in current loc)","2017, June 2020",06/01/2020,06/12/2020,Salisbury,Maryland,John Henry Winder marker,Historical marker paying tribute to Confederate Gen. John Henry Winder,removed,,"Salisbury, Maryland",38.3606736,-75.5993692,
1893,June 2020,N/A,N/A,Orangeburg,South Carolina,Confederate statue,Confederate statue on Memorial Plaza,requested,,"Orangeburg, South Carolina",33.4918203,-80.8556476,
1872,"2017, June 2020",06/22/2020,TBD,St. Augustine,Florida,Confederate monument,Confederate monument in the Plaza de la Constitución,removed,,"St. Augustine, Florida",29.9012437,-81.3124341,
1926,June 2020,N/A,N/A,Beaufort,North Carolina,Confederate statue,Confederate statue outside Carteret County courthouse,requested,,"Beaufort, North Carolina",34.7182174,-76.6638186,
1990,June 2020,N/A,N/A,Palm Springs,California,Statue of Frank Bogert,Bogert statue at City Hall,requested,,"Palm Springs, California",33.8302961,-116.5452921,
1909,"2017, June 2020",N/A,N/A,Paducah,Kentucky,Statue of Lloyd Tilghman,Confederate general statue,requested,,"Paducah, Kentucky",37.0833893,-88.6000478,
1904,June 2020,N/A,N/A,Reston,Virginia,Confederate monument,Granite monument to Confederate Capt. John Quincy Marr,requested,,"Reston, Virginia",38.9586307,-77.3570028,
1896,June 2020,06/23/2020,06/24/2020,Charleston,South Carolina,Statue of John C. Calhoun,Calhoun statue on Marion Square,removed,,"Charleston, South Carolina",32.7764749,-79.9310512,
"1875, 1937",June 2020,06/01/2020,06/01/2020,Sequoia and Kings Canyon Parks,California,Signage honoring Robert E. Lee at two sequoia trees,Robert E. Lee tree in Kings Canyon’s Grant Grove and the General Lee tree in Sequoia,removed,,"Sequoia and Kings Canyon Parks, California",36.8878548,-118.5551477,
"1925, 1990s",June 2020,N/A,06/23/2020,Madison,Wisconsin,Forward statue and statue of Hans Christian Heg,"Two statues, one of abolitionist, one embodying state motto",removed,1,"Madison, Wisconsin",43.0730517,-89.4012302,
1990s,"2016, June 2020",06/01/2020,06/13/2020,Middletown,Connecticut,Christopher Columbus statue,Columbus statue in Harbor Park,removed,,"Middletown, Connecticut",41.5623209,-72.6506488,
1907,June 2020,N/A,N/A,Atlanta,Georgia,Statue of John B. Gordon,Former Governor in Confederate attire,requested,,"Atlanta, Georgia",33.7489954,-84.3879824,
"1919 (Pioneer), 1932 (Pioneer Mother)","2018, June 2020",N/A,06/14/2020,Eugene,Oregon,The Pioneer and the Pioneer Mother statues,Two pioneer statues on University of Oregon campus,removed,1,"Eugene, Oregon",44.0520691,-123.0867536,
1853,June 2020,N/A,N/A,"Washington, DC","Washington, DC",Statue of Andrew Jackson,Jackson in Lafayette Square,requested,,"Washington, DC, Washington, DC",38.9071923,-77.0368707,
1895,June 2020,N/A,N/A,Covington,Tennessee,Confederate statue,Confederate statue in downtown Covington,requested,,"Covington, Tennessee",35.5648087,-89.6489786,
"1914 (built), 1962 (moved to current loc)","2017, June 2020",N/A,N/A,Alexandria,Louisiana,Confederate monument,Monument in front of Rapides Parish Courthouse,requested,,"Alexandria, Louisiana",31.3112936,-92.4451371,
1958,June 2020,N/A,N/A,Pittsburgh,Pennsylvania,Christopher Columbus statue,Columbus statue in Schenley Park,requested,,"Pittsburgh, Pennsylvania",40.4406248,-79.9958864,
1992,June 2020,06/22/2020,(Likely September),Norwich,Connecticut,Carving of Christopher Columbus,Columbus references in Italian Heritage Monument,planned,,"Norwich, Connecticut",41.5242649,-72.0759105,
1909,June 2020,N/A,06/25/2020,Denver,Colorado,Civil War statue,Civil War statue at State Capitol,removed,1,"Denver, Colorado",39.7392358,-104.990251,
"1931 (built), 1990s (moved to current loc.)",June 2020,N/A,N/A,Cape Girardeau,Missouri,Confederate monument,Confederate monument Iver's Square,requested,,"Cape Girardeau, Missouri",37.3058839,-89.5181476,
2014,June 2020,N/A,N/A,Charleston,South Carolina,Statue of Denmark Vesey,Vesey statue in Hampton Park,requested,,"Charleston, South Carolina",32.7764749,-79.9310512,
Unknown,June 2020,N/A,N/A,Camden,New Jersey,Statue of Walt Whitman,Whitman statue on Rutgers-Camden campus,requested,,"Camden, New Jersey",39.9259463,-75.1196199,
2001,June 2020,N/A,N/A,Columbia,Missouri,Statue of Thomas Jefferson,Jefferson statue on University of Missouri campus,requested,,"Columbia, Missouri",38.9517053,-92.3340724,
1894,"2017, 2020",June 28 2020,TBD,Jackson,Mississippi,State flag design,Design of State flag including confederate symbol,planned,,"Jackson, Mississippi",32.2987573,-90.1848103,
"1940 (built), 1983 (moved to current loc)",June 2020,June 25 2020 (announced),June 25 2020,Norwalk,Connecticut,Christopher Columbus statue,Columbus statue on West Ave,removed,,"Norwalk, Connecticut",41.117744,-73.4081575,
1919,June 2020,N/A,N/A,Madison,Wisconsin,Statue of Abraham Lincoln,Lincoln statue on UW-Madison campus,requested,,"Madison, Wisconsin",43.0730517,-89.4012302,
1925,June 2020,N/A,N/A,Reading,Pennsylvania,Christopher Columbus statue,Columbus state in City Park,requested,,"Reading, Pennsylvania",40.3356483,-75.9268747,
1933,June 2020,N/A,N/A,Syracuse,New York,Christopher Columbus statue,Columbus statue downtown,requested,,"Syracuse, New York",43.0481221,-76.1474244,
1909,June 2020,N/A,N/A,Charlottesville,Virginia,Johnny Reb (Confederate statue),Reb statue at Albemarle County Courthouse,requested,,"Charlottesville, Virginia",38.0293059,-78.4766781,
1893,June 2020,June 2020,June 25 2020,Providence,Rhode Island,Christopher Columbus statue,Columbus statue in Elmwood,removed,,"Providence, Rhode Island",41.8239891,-71.4128343,
"1792, 1892, 1984","2017, June 2020",N/A,N/A,Baltimore,Maryland,Monuments to Christopher Columbus,"Obelisk in Herring Run Park, Statue at Druid Hill Park, Statue in Little Italy",requested,,"Baltimore, Maryland",39.2903848,-76.6121893,
1927,June 2020,June 26 2020 (announced),June 26 2020,Newark,New Jersey,Christopher Columbus statue,Columbus statue in Washington Park,removed,,"Newark, New Jersey",40.735657,-74.1723667,
1975,June 2020,N/A,June 25 2020,Denver,Colorado,Christopher Columbus statue,Columbus statue at Civic Center Park,removed,1,"Denver, Colorado",39.7392358,-104.990251,
1911,June 2020,June 2020,June 26 2020,Denver,Colorado,Statue of Kit Carson,Kit Carson at Pioneer Monument,removed,,"Denver, Colorado",39.7392358,-104.990251,
1905,June 2020,N/A,N/A,Pueblo,Colorado,Christopher Columbus statue,Columbus statue on Abriendo Ave,requested,,"Pueblo, Colorado",38.2544472,-104.6091409,
1960s,June 2020,N/A,N/A,Port Allen,Louisiana,Statue of Henry Watkins Allen,Statue of Confederate LA governor,requested,,"Port Allen, Louisiana",30.4474878,-91.2073261,
1998,June 2020,N/A,N/A,Allendale Township,Michigan,Statue of Confederate and Union Soldiers and Slave,Statue in Veterans Garden of Honor,requested,,"Allendale Township, Michigan",42.9721861,-85.9540218,
1916,"2017, June 2020",N/A,N/A,Clinton,North Carolina,Confederate statue,Confederate statue Samspon County Courthouse,requested,,"Clinton, North Carolina",34.9979453,-78.3233325,